{"minzoom":0,"maxzoom":8,"center":[28.828125,61.93716,8.0],"bounds":[-74.0,27.0,51.0,85.0]}