{"minzoom":0,"maxzoom":9,"center":[27.773438,61.438315,9.0],"bounds":[-74.0,27.0,51.0,85.0]}